,0,1
0,"""score_hidden""",false
1,"""name""","""t1_cnas8zv"""
2,"""link_id""","""t3_2qyr1a"""
3,"""body""","""Most of us have some family members like this. *Most* of my family is like this. """
4,"""downs""",0
5,"""created_utc""","""1420070400"""
6,"""score""",14
7,"""author""","""YoungModern"""
8,"""distinguished""",null
9,"""id""","""cnas8zv"""
10,"""archived""",false
11,"""parent_id""","""t3_2qyr1a"""
12,"""subreddit""","""exmormon"""
13,"""author_flair_css_class""",null
14,"""author_flair_text""",null
15,"""gilded""",0
16,"""retrieved_on""",1425124282
17,"""ups""",14
18,"""controversiality""",0
19,"""subreddit_id""","""t5_2r0gj"""
20,"""edited""","false
"
21,"""distinguished""",null
22,"""id""","""cnas8zw"""
23,"""archived""",false
24,"""author""","""RedCoatsForever"""
25,"""score""",3
26,"""created_utc""","""1420070400"""
27,"""downs""",0
28,"""body""","""But Mill's career was way better. Bentham is like"
29,"""link_id""","""t3_2qv6c6"""
30,"""name""","""t1_cnas8zw"""
31,"""score_hidden""",false
32,"""controversiality""",0
33,"""subreddit_id""","""t5_2s4gt"""
34,"""edited""",false
35,"""retrieved_on""",1425124282
36,"""ups""",3
37,"""author_flair_css_class""","""on"""
38,"""gilded""",0
39,"""author_flair_text""","""Ontario"""
40,"""subreddit""","""CanadaPolitics"""
41,"""parent_id""","""t1_cnas2b6""
"
42,"""score_hidden""",false
43,"""link_id""","""t3_2qxefp"""
44,"""name""","""t1_cnas8zx"""
45,"""created_utc""","""1420070400"""
46,"""downs""",0
47,"""body""","""Mine uses a strait razor"
48,"""distinguished""",null
49,"""id""","""cnas8zx"""
50,"""archived""",false
51,"""author""","""vhisic"""
52,"""score""",1
53,"""subreddit""","""AdviceAnimals"""
54,"""parent_id""","""t3_2qxefp"""
55,"""retrieved_on""",1425124282
56,"""ups""",1
57,"""author_flair_css_class""",null
58,"""author_flair_text""",null
59,"""gilded""",0
60,"""controversiality""",0
61,"""subreddit_id""","""t5_2s7tt"""
62,"""edited""","false
"
63,"""parent_id""","""t3_2qys4x"""
64,"""subreddit""","""AdviceAnimals"""
65,"""gilded""",0
66,"""author_flair_text""",null
67,"""author_flair_css_class""",null
68,"""retrieved_on""",1425124282
69,"""ups""",1
70,"""subreddit_id""","""t5_2s7tt"""
71,"""edited""",false
72,"""controversiality""",0
73,"""score_hidden""",false
74,"""name""","""t1_cnas8zy"""
75,"""link_id""","""t3_2qys4x"""
76,"""body""","""[deleted]"""
77,"""created_utc""","""1420070400"""
78,"""downs""",0
79,"""score""",1
80,"""author""","""[deleted]"""
81,"""archived""",false
82,"""distinguished""",null
83,"""id""","""cnas8zy""
"
84,"""body""","""Very fast"
85,"""created_utc""","""1420070400"""
86,"""downs""",0
87,"""author""","""Mastersimpson"""
88,"""score""",2
89,"""id""","""cnas8zz"""
90,"""distinguished""",null
91,"""archived""",false
92,"""score_hidden""",false
93,"""name""","""t1_cnas8zz"""
94,"""link_id""","""t3_2qm5bi"""
95,"""author_flair_css_class""",null
96,"""gilded""",0
97,"""author_flair_text""",null
98,"""retrieved_on""",1425124282
99,"""ups""",2
100,"""controversiality""",0
101,"""edited""",false
102,"""subreddit_id""","""t5_2y51u"""
103,"""parent_id""","""t3_2qm5bi"""
104,"""subreddit""","""freedonuts""
"
105,"""author""","""BigGupp1"""
106,"""score""",6
107,"""archived""",false
108,"""id""","""cnas900"""
109,"""distinguished""",null
110,"""body""","""The guy is a professional"
111,"""created_utc""","""1420070400"""
112,"""downs""",0
113,"""name""","""t1_cnas900"""
114,"""link_id""","""t3_2qxe1p"""
115,"""score_hidden""",false
116,"""edited""",false
117,"""subreddit_id""","""t5_2qh61"""
118,"""controversiality""",0
119,"""author_flair_text""",null
120,"""gilded""",0
121,"""author_flair_css_class""",null
122,"""retrieved_on""",1425124282
123,"""ups""",6
124,"""parent_id""","""t1_cnaqg2t"""
125,"""subreddit""","""WTF""
"
126,"""score_hidden""",false
127,"""link_id""","""t3_2qxlvm"""
128,"""name""","""t1_cnas901"""
129,"""created_utc""","""1420070400"""
130,"""downs""",0
131,"""body""","""This is a great question"
132,"""archived""",false
133,"""id""","""cnas901"""
134,"""distinguished""",null
135,"""score""",1
136,"""author""","""PeglegGecko"""
137,"""subreddit""","""needadvice"""
138,"""parent_id""","""t3_2qxlvm"""
139,"""ups""",1
140,"""retrieved_on""",1425124282
141,"""author_flair_text""",null
142,"""gilded""",0
143,"""author_flair_css_class""",null
144,"""subreddit_id""","""t5_2r367"""
145,"""edited""",false
146,"""controversiality""","0
"
147,"""controversiality""",0
148,"""edited""",false
149,"""subreddit_id""","""t5_2t9x3"""
150,"""ups""",1
151,"""retrieved_on""",1425124282
152,"""author_flair_css_class""",null
153,"""author_flair_text""",null
154,"""gilded""",0
155,"""subreddit""","""summonerschool"""
156,"""parent_id""","""t1_cnaiy0s"""
157,"""id""","""cnas902"""
158,"""distinguished""",null
159,"""archived""",false
160,"""author""","""politevelociraptor"""
161,"""score""",1
162,"""created_utc""","""1420070400"""
163,"""downs""",0
164,"""body""","""Is the IE-Shiv-Ghostblade-Zerks-LW-BT Still not the main graves build? 60% crit I think massive Attack speed and decent AD plus Pen?"""
165,"""link_id""","""t3_2qx3kt"""
166,"""name""","""t1_cnas902"""
167,"""score_hidden""","false
"
168,"""author_flair_css_class""","""BartkowskiMatt"""
169,"""gilded""",0
170,"""author_flair_text""","""LA Kings fan"""
171,"""ups""",1
172,"""retrieved_on""",1425124282
173,"""controversiality""",0
174,"""edited""",false
175,"""subreddit_id""","""t5_2rmt9"""
176,"""parent_id""","""t1_cnas8bm"""
177,"""subreddit""","""BostonBruins"""
178,"""created_utc""","""1420070400"""
179,"""downs""",0
180,"""score""",1
181,"""author""","""slicked9778"""
182,"""distinguished""",null
183,"""id""","""cnas903"""
184,"""archived""",false
185,"""score_hidden""",false
186,"""name""","""t1_cnas903"""
187,"""link_id""","""t3_2qyizj""
"
188,"""parent_id""","""t1_cnan0ne"""
189,"""subreddit""","""sausagetalk"""
190,"""author_flair_css_class""",null
191,"""author_flair_text""",null
192,"""gilded""",0
193,"""ups""",2
194,"""retrieved_on""",1425124282
195,"""controversiality""",0
196,"""subreddit_id""","""t5_2t13q"""
197,"""edited""",false
198,"""score_hidden""",false
199,"""name""","""t1_cnas905"""
200,"""link_id""","""t3_2qxiao"""
201,"""body""","""I don't know how to describe it.  Gently pinched two spots weiner length apart and just twisted them about 3or 4 times."""
202,"""downs""",0
203,"""created_utc""","""1420070400"""
204,"""score""",2
205,"""author""","""jaggazz"""
206,"""id""","""cnas905"""
207,"""distinguished""",null
208,"""archived""","false
"
209,"""parent_id""","""t1_cnas7u7"""
210,"""subreddit""","""hiphopheads"""
211,"""controversiality""",0
212,"""subreddit_id""","""t5_2rh4c"""
213,"""edited""",false
214,"""author_flair_css_class""","""django"""
215,"""author_flair_text""",""""""
216,"""gilded""",0
217,"""retrieved_on""",1425124282
218,"""ups""",2
219,"""name""","""t1_cnas906"""
220,"""link_id""","""t3_2qyl4w"""
221,"""score_hidden""",false
222,"""score""",2
223,"""author""","""thebasedyeezus"""
224,"""id""","""cnas906"""
225,"""distinguished""",null
226,"""archived""",false
227,"""body""","""says you my g"""
228,"""downs""",0
229,"""created_utc""","""1420070400""
"
230,"""subreddit_id""","""t5_2qh33"""
231,"""edited""",false
232,"""controversiality""",0
233,"""ups""",10
234,"""retrieved_on""",1425124282
235,"""author_flair_text""",null
236,"""gilded""",0
237,"""author_flair_css_class""",null
238,"""subreddit""","""funny"""
239,"""parent_id""","""t1_cnar76e"""
240,"""archived""",false
241,"""id""","""cnas907"""
242,"""distinguished""",null
243,"""author""","""Meltingteeth"""
244,"""score""",10
245,"""downs""",0
246,"""created_utc""","""1420070401"""
247,"""body""","""/r/Im14andthisisfunny"""
248,"""link_id""","""t3_2qxubc"""
249,"""name""","""t1_cnas907"""
250,"""score_hidden""","false
"
251,"""score""",1
252,"""author""","""Clomez"""
253,"""archived""",false
254,"""id""","""cnas908"""
255,"""distinguished""",null
256,"""body""","""i love this music!"""
257,"""created_utc""","""1420070401"""
258,"""downs""",0
259,"""name""","""t1_cnas908"""
260,"""link_id""","""t3_2qx5b6"""
261,"""score_hidden""",false
262,"""edited""",false
263,"""subreddit_id""","""t5_2sokd"""
264,"""controversiality""",0
265,"""gilded""",0
266,"""author_flair_text""",null
267,"""author_flair_css_class""",null
268,"""ups""",1
269,"""retrieved_on""",1425124282
270,"""parent_id""","""t1_cnap6jp"""
271,"""subreddit""","""explainlikeimfive""
"
272,"""created_utc""","""1420070401"""
273,"""downs""",0
274,"""body""","""You mean the village hidden in filler complaints"
275,"""archived""",false
276,"""distinguished""",null
277,"""id""","""cnas909"""
278,"""score""",2
279,"""author""","""noitnemid"""
280,"""score_hidden""",false
281,"""link_id""","""t3_2qup35"""
282,"""name""","""t1_cnas909"""
283,"""retrieved_on""",1425124282
284,"""ups""",2
285,"""gilded""",0
286,"""author_flair_text""",""""""
287,"""author_flair_css_class""","""deihand"""
288,"""subreddit_id""","""t5_2quts"""
289,"""edited""",false
290,"""controversiality""",0
291,"""subreddit""","""Naruto"""
292,"""parent_id""","""t1_cnald9n""
"
293,"""score_hidden""",false
294,"""link_id""","""t3_2qyp3l"""
295,"""name""","""t1_cnas90a"""
296,"""downs""",0
297,"""created_utc""","""1420070401"""
298,"""body""","""I always forget how to bold on mobile. """
299,"""archived""",false
300,"""id""","""cnas90a"""
301,"""distinguished""",null
302,"""author""","""highvoltorb"""
303,"""score""",2
304,"""subreddit""","""hockey"""
305,"""parent_id""","""t1_cnas1fe"""
306,"""ups""",2
307,"""retrieved_on""",1425124282
308,"""author_flair_text""","""CBJAlt1NHL"""
309,"""gilded""",0
310,"""author_flair_css_class""","""CBJAlt1NHL"""
311,"""edited""",false
312,"""subreddit_id""","""t5_2qiel"""
313,"""controversiality""","0
"
314,"""controversiality""",0
315,"""edited""",false
316,"""subreddit_id""","""t5_32vyu"""
317,"""ups""",1
318,"""retrieved_on""",1425124282
319,"""author_flair_css_class""",null
320,"""author_flair_text""",null
321,"""gilded""",0
322,"""subreddit""","""GCXRep"""
323,"""parent_id""","""t1_cnajnze"""
324,"""id""","""cnas90b"""
325,"""distinguished""",null
326,"""archived""",false
327,"""score""",1
328,"""author""","""[deleted]"""
329,"""downs""",0
330,"""created_utc""","""1420070401"""
331,"""body""","""[deleted]"""
332,"""link_id""","""t3_2qxljk"""
333,"""name""","""t1_cnas90b"""
334,"""score_hidden""","false
"
335,"""subreddit""","""Games"""
336,"""parent_id""","""t1_cnas5ud"""
337,"""retrieved_on""",1425124282
338,"""ups""",1
339,"""author_flair_css_class""",null
340,"""gilded""",0
341,"""author_flair_text""",null
342,"""controversiality""",0
343,"""subreddit_id""","""t5_2qhwp"""
344,"""edited""",false
345,"""score_hidden""",false
346,"""link_id""","""t3_2qxl90"""
347,"""name""","""t1_cnas90c"""
348,"""downs""",0
349,"""created_utc""","""1420070401"""
350,"""body""","""If you enjoy deep"
351,"""distinguished""",null
352,"""id""","""cnas90c"""
353,"""archived""",false
354,"""score""",1
355,"""author""","""Crodface""
"
356,"""score_hidden""",false
357,"""name""","""t1_cnas90d"""
358,"""link_id""","""t3_2qy6z1"""
359,"""body""","""[deleted]"""
360,"""downs""",0
361,"""created_utc""","""1420070401"""
362,"""author""","""[deleted]"""
363,"""score""",1
364,"""archived""",false
365,"""distinguished""",null
366,"""id""","""cnas90d"""
367,"""parent_id""","""t1_cnaqtxv"""
368,"""subreddit""","""BBW"""
369,"""gilded""",0
370,"""author_flair_text""",null
371,"""author_flair_css_class""",null
372,"""ups""",1
373,"""retrieved_on""",1425124282
374,"""subreddit_id""","""t5_2qrqw"""
375,"""edited""",false
376,"""controversiality""","0
"
377,"""subreddit""","""knives"""
378,"""parent_id""","""t1_cnaqs9i"""
379,"""ups""",1
380,"""retrieved_on""",1425124282
381,"""gilded""",0
382,"""author_flair_text""",null
383,"""author_flair_css_class""",null
384,"""edited""",false
385,"""subreddit_id""","""t5_2qzyn"""
386,"""controversiality""",0
387,"""score_hidden""",false
388,"""link_id""","""t3_2qy4jn"""
389,"""name""","""t1_cnas90e"""
390,"""downs""",0
391,"""created_utc""","""1420070401"""
392,"""body""","""Haha awesome man I got it from my grandpa this Christmas as well."""
393,"""archived""",false
394,"""distinguished""",null
395,"""id""","""cnas90e"""
396,"""score""",1
397,"""author""","""MadagascarDifficulty""
"
398,"""id""","""cnas90f"""
399,"""distinguished""",null
400,"""archived""",false
401,"""author""","""FreeSoul789"""
402,"""score""",3
403,"""created_utc""","""1420070401"""
404,"""downs""",0
405,"""body""","""I completely agree. I've spent that long staring at it sober.."""
406,"""link_id""","""t3_2qy171"""
407,"""name""","""t1_cnas90f"""
408,"""score_hidden""",false
409,"""controversiality""",0
410,"""subreddit_id""","""t5_2qhvj"""
411,"""edited""",false
412,"""retrieved_on""",1425124282
413,"""ups""",3
414,"""author_flair_css_class""",null
415,"""gilded""",0
416,"""author_flair_text""",null
417,"""subreddit""","""LSD"""
418,"""parent_id""","""t1_cnaqrew""
"
419,"""score_hidden""",false
420,"""link_id""","""t3_2qy21w"""
421,"""name""","""t1_cnas90g"""
422,"""created_utc""","""1420070401"""
423,"""downs""",0
424,"""body""","""&gt;&gt;If a woman wants to give up a child for adoption with a named father"
425,"""archived""",false
426,"""id""","""cnas90g"""
427,"""distinguished""",null
428,"""author""","""dewprisms"""
429,"""score""",17
430,"""subreddit""","""changemyview"""
431,"""parent_id""","""t1_cnarzyw"""
432,"""retrieved_on""",1425124282
433,"""ups""",17
434,"""author_flair_text""","""3\u2206"""
435,"""gilded""",0
436,"""author_flair_css_class""",""" points"""
437,"""edited""",false
438,"""subreddit_id""","""t5_2w2s8"""
439,"""controversiality""","0
"
440,"""score_hidden""",false
441,"""link_id""","""t3_2qxty0"""
442,"""name""","""t1_cnas90h"""
443,"""created_utc""","""1420070401"""
444,"""downs""",0
445,"""body""","""I haven't. Still trying to get someone to commit. \n\nWhere are you located?"""
446,"""distinguished""",null
447,"""id""","""cnas90h"""
448,"""archived""",false
449,"""score""",1
450,"""author""","""TimDisaster"""
451,"""subreddit""","""beertrade"""
452,"""parent_id""","""t1_cnarxyo"""
453,"""retrieved_on""",1425124282
454,"""ups""",1
455,"""author_flair_css_class""","""repLevel4"""
456,"""gilded""",0
457,"""author_flair_text""",null
458,"""controversiality""",0
459,"""subreddit_id""","""t5_2rgco"""
460,"""edited""","false
"
461,"""parent_id""","""t3_2qy7at"""
462,"""subreddit""","""funny"""
463,"""gilded""",0
464,"""author_flair_text""",null
465,"""author_flair_css_class""",null
466,"""retrieved_on""",1425124282
467,"""ups""",1
468,"""subreddit_id""","""t5_2qh33"""
469,"""edited""",false
470,"""controversiality""",0
471,"""score_hidden""",false
472,"""name""","""t1_cnas90i"""
473,"""link_id""","""t3_2qy7at"""
474,"""body""","""Wheredugit?"""
475,"""downs""",0
476,"""created_utc""","""1420070401"""
477,"""score""",1
478,"""author""","""deephaven"""
479,"""archived""",false
480,"""distinguished""",null
481,"""id""","""cnas90i""
"
482,"""created_utc""","""1420070401"""
483,"""downs""",0
484,"""body""","""It's a religion that doesn't have a set in stone creed. so I'm assuming there's a few more."""
485,"""archived""",false
486,"""distinguished""",null
487,"""id""","""cnas90j"""
488,"""score""",2
489,"""author""","""Vamking12"""
490,"""score_hidden""",false
491,"""link_id""","""t3_2qy44e"""
492,"""name""","""t1_cnas90j"""
493,"""retrieved_on""",1425124282
494,"""ups""",2
495,"""author_flair_text""","""Pumpkin Pump/Pimp/Pie"""
496,"""gilded""",0
497,"""author_flair_css_class""",""""""
498,"""edited""",false
499,"""subreddit_id""","""t5_2vizz"""
500,"""controversiality""",0
501,"""subreddit""","""TumblrInAction"""
502,"""parent_id""","""t1_cnan3hv""
"
503,"""controversiality""",0
504,"""subreddit_id""","""t5_2t0xk"""
505,"""edited""",false
506,"""ups""",2
507,"""retrieved_on""",1425124282
508,"""author_flair_css_class""",""""""
509,"""author_flair_text""","""Lazlow"""
510,"""gilded""",0
511,"""subreddit""","""GrandTheftAutoV"""
512,"""parent_id""","""t3_2qx0qa"""
513,"""distinguished""",null
514,"""id""","""cnas90k"""
515,"""archived""",false
516,"""score""",2
517,"""author""","""marklar7"""
518,"""created_utc""","""1420070401"""
519,"""downs""",0
520,"""body""","""\""Hey Rocky"
521,"""link_id""","""t3_2qx0qa"""
522,"""name""","""t1_cnas90k"""
523,"""score_hidden""","false
"
524,"""created_utc""","""1420070401"""
525,"""downs""",0
526,"""body""","""Roofers"
527,"""archived""",false
528,"""id""","""cnas90l"""
529,"""distinguished""",null
530,"""score""",2
531,"""author""","""Movepeck"""
532,"""score_hidden""",false
533,"""link_id""","""t3_2qy8r4"""
534,"""name""","""t1_cnas90l"""
535,"""retrieved_on""",1425124282
536,"""ups""",2
537,"""author_flair_text""",null
538,"""gilded""",0
539,"""author_flair_css_class""",null
540,"""subreddit_id""","""t5_2qh1i"""
541,"""edited""",false
542,"""controversiality""",0
543,"""subreddit""","""AskReddit"""
544,"""parent_id""","""t1_cnaqrf6""
"
545,"""name""","""t1_cnas90m"""
546,"""link_id""","""t3_2qx8kh"""
547,"""score_hidden""",false
548,"""author""","""pregnanthollywood"""
549,"""score""",-1
550,"""archived""",false
551,"""id""","""cnas90m"""
552,"""distinguished""",null
553,"""body""","""You are a gentleman and a scholar...  I don't know why this is such a fucking hard concept to understand for some people. The police are part of society"
554,"""created_utc""","""1420070401"""
555,"""downs""",0
556,"""parent_id""","""t1_cnarwqe"""
557,"""subreddit""","""news"""
558,"""edited""",false
559,"""subreddit_id""","""t5_2qh3l"""
560,"""controversiality""",0
561,"""author_flair_text""",null
562,"""gilded""",0
563,"""author_flair_css_class""",null
564,"""retrieved_on""",1425124282
565,"""ups""","-1
"
566,"""score_hidden""",false
567,"""link_id""","""t3_2qxrkx"""
568,"""name""","""t1_cnas90n"""
569,"""created_utc""","""1420070401"""
570,"""downs""",0
571,"""body""","""My math prof doesn't do rides"
572,"""distinguished""",null
573,"""id""","""cnas90n"""
574,"""archived""",false
575,"""score""",7
576,"""author""","""submaRED"""
577,"""subreddit""","""WTF"""
578,"""parent_id""","""t1_cnaly8u"""
579,"""ups""",7
580,"""retrieved_on""",1425124282
581,"""author_flair_css_class""",null
582,"""author_flair_text""",null
583,"""gilded""",0
584,"""controversiality""",0
585,"""subreddit_id""","""t5_2qh61"""
586,"""edited""","false
"
587,"""score""",1
588,"""author""","""CarpeAeonem"""
589,"""distinguished""",null
590,"""id""","""cnas90o"""
591,"""archived""",false
592,"""body""","""Agreed! You should get it while it's on sale. """
593,"""created_utc""","""1420070401"""
594,"""downs""",0
595,"""name""","""t1_cnas90o"""
596,"""link_id""","""t3_2q8qx6"""
597,"""score_hidden""",false
598,"""controversiality""",0
599,"""subreddit_id""","""t5_2vs7z"""
600,"""edited""",false
601,"""author_flair_css_class""","""stagsilhouette"""
602,"""author_flair_text""",""""""
603,"""gilded""",0
604,"""retrieved_on""",1425124282
605,"""ups""",1
606,"""parent_id""","""t1_cnas1x6"""
607,"""subreddit""","""HannibalTV""
"
608,"""controversiality""",0
609,"""edited""",false
610,"""subreddit_id""","""t5_2qh0u"""
611,"""ups""",1
612,"""retrieved_on""",1425124282
613,"""author_flair_css_class""",null
614,"""gilded""",0
615,"""author_flair_text""",null
616,"""subreddit""","""pics"""
617,"""parent_id""","""t3_2qxggo"""
618,"""id""","""cnas90p"""
619,"""distinguished""",null
620,"""archived""",false
621,"""score""",1
622,"""author""","""asdjfweaiv"""
623,"""created_utc""","""1420070401"""
624,"""downs""",0
625,"""body""","""Tumblr is leaking again."""
626,"""link_id""","""t3_2qxggo"""
627,"""name""","""t1_cnas90p"""
628,"""score_hidden""","false
"
629,"""archived""",false
630,"""id""","""cnas90q"""
631,"""distinguished""",null
632,"""score""",0
633,"""author""","""uncannylizard"""
634,"""created_utc""","""1420070401"""
635,"""downs""",0
636,"""body""","""The vast majority of countries in the world recognize the state of Palestine btw"
637,"""link_id""","""t3_2qxiaz"""
638,"""name""","""t1_cnas90q"""
639,"""score_hidden""",false
640,"""edited""",false
641,"""subreddit_id""","""t5_2qh13"""
642,"""controversiality""",0
643,"""ups""",0
644,"""retrieved_on""",1425124282
645,"""gilded""",0
646,"""author_flair_text""",null
647,"""author_flair_css_class""",null
648,"""subreddit""","""worldnews"""
649,"""parent_id""","""t1_cnahbvw""
"
650,"""link_id""","""t3_2qyn3p"""
651,"""name""","""t1_cnas90r"""
652,"""score_hidden""",false
653,"""id""","""cnas90r"""
654,"""distinguished""",null
655,"""archived""",false
656,"""author""","""[deleted]"""
657,"""score""",2
658,"""created_utc""","""1420070401"""
659,"""downs""",0
660,"""body""","""[deleted]"""
661,"""subreddit""","""Mustang"""
662,"""parent_id""","""t3_2qyn3p"""
663,"""controversiality""",0
664,"""edited""",false
665,"""subreddit_id""","""t5_2qqel"""
666,"""ups""",2
667,"""retrieved_on""",1425124282
668,"""author_flair_css_class""",null
669,"""author_flair_text""",null
670,"""gilded""","0
"
671,"""score_hidden""",false
672,"""link_id""","""t3_2qy0eu"""
673,"""name""","""t1_cnas90s"""
674,"""created_utc""","""1420070402"""
675,"""downs""",0
676,"""body""","""Thank you"
677,"""distinguished""",null
678,"""id""","""cnas90s"""
679,"""archived""",false
680,"""author""","""gingerguitarx92x"""
681,"""score""",2
682,"""subreddit""","""guitarpedals"""
683,"""parent_id""","""t1_cnaq8ts"""
684,"""retrieved_on""",1425124282
685,"""ups""",2
686,"""author_flair_css_class""",null
687,"""gilded""",0
688,"""author_flair_text""",null
689,"""controversiality""",0
690,"""subreddit_id""","""t5_2r0bp"""
691,"""edited""","false
"
692,"""name""","""t1_cnas90t"""
693,"""link_id""","""t3_2qxm8n"""
694,"""score_hidden""",false
695,"""score""",1
696,"""author""","""billj457"""
697,"""distinguished""",null
698,"""id""","""cnas90t"""
699,"""archived""",false
700,"""created_utc""","""1420070402"""
701,"""downs""",0
702,"""parent_id""","""t1_cnaiag9"""
703,"""subreddit""","""BMW"""
704,"""controversiality""",0
705,"""edited""",false
706,"""subreddit_id""","""t5_2qn3a"""
707,"""author_flair_css_class""",""""""
708,"""author_flair_text""","""2009 E90 335xi 6MT"""
709,"""gilded""",0
710,"""ups""",1
711,"""retrieved_on""","1425124282
"
712,"""subreddit""","""movies"""
713,"""parent_id""","""t3_2qyjda"""
714,"""controversiality""",0
715,"""subreddit_id""","""t5_2qh3s"""
716,"""edited""",false
717,"""retrieved_on""",1425124282
718,"""ups""",1
719,"""author_flair_css_class""",null
720,"""author_flair_text""",null
721,"""gilded""",0
722,"""link_id""","""t3_2qyjda"""
723,"""name""","""t1_cnas90u"""
724,"""score_hidden""",false
725,"""distinguished""",null
726,"""id""","""cnas90u"""
727,"""archived""",false
728,"""author""","""kylionsfan"""
729,"""score""",1
730,"""created_utc""","""1420070402"""
731,"""downs""",0
732,"""body""","""Goonies""
"
733,"""link_id""","""t3_2e7eti"""
734,"""name""","""t1_cnas90v"""
735,"""score_hidden""",false
736,"""archived""",false
737,"""id""","""cnas90v"""
738,"""distinguished""",null
739,"""score""",1
740,"""author""","""[deleted]"""
741,"""created_utc""","""1420070402"""
742,"""downs""",0
743,"""body""","""[deleted]"""
744,"""subreddit""","""Games"""
745,"""parent_id""","""t1_cnark1x"""
746,"""edited""",false
747,"""subreddit_id""","""t5_2qhwp"""
748,"""controversiality""",0
749,"""retrieved_on""",1425124282
750,"""ups""",1
751,"""gilded""",0
752,"""author_flair_text""",null
753,"""author_flair_css_class""","null
"
754,"""subreddit_id""","""t5_2stl8"""
755,"""edited""",false
756,"""controversiality""",0
757,"""ups""",1
758,"""retrieved_on""",1425124282
759,"""author_flair_text""","""Developer of the /r/SRGG"""
760,"""gilded""",0
761,"""author_flair_css_class""","""ao-kuang"""
762,"""subreddit""","""Smite"""
763,"""parent_id""","""t3_2qynia"""
764,"""archived""",false
765,"""distinguished""",null
766,"""id""","""cnas90x"""
767,"""author""","""MrRangerLP"""
768,"""score""",1
769,"""created_utc""","""1420070402"""
770,"""downs""",0
771,"""body""","""Finish my Masters grind for 1v1 Joust"""
772,"""link_id""","""t3_2qynia"""
773,"""name""","""t1_cnas90x"""
774,"""score_hidden""","false
"
775,"""subreddit""","""BabyBumps"""
776,"""parent_id""","""t3_2qxxgp"""
777,"""retrieved_on""",1425124282
778,"""ups""",2
779,"""gilded""",0
780,"""author_flair_text""",null
781,"""author_flair_css_class""",null
782,"""edited""",false
783,"""subreddit_id""","""t5_2s7cl"""
784,"""controversiality""",0
785,"""score_hidden""",false
786,"""link_id""","""t3_2qxxgp"""
787,"""name""","""t1_cnas90y"""
788,"""created_utc""","""1420070402"""
789,"""downs""",0
790,"""body""","""I thought you wanted to name your baby Primrose. I was like"
791,"""archived""",false
792,"""distinguished""",null
793,"""id""","""cnas90y"""
794,"""author""","""-purple-is-a-fruit-"""
795,"""score""","2
"
796,"""subreddit_id""","""t5_2z5u0"""
797,"""edited""",false
798,"""controversiality""",0
799,"""ups""",1
800,"""retrieved_on""",1425124282
801,"""gilded""",0
802,"""author_flair_text""","""Dirt | Sergei | Simetra | Sledge"""
803,"""author_flair_css_class""",""""""
804,"""subreddit""","""randomsuperpowers"""
805,"""parent_id""","""t1_cnas75o"""
806,"""archived""",false
807,"""distinguished""",null
808,"""id""","""cnas90z"""
809,"""author""","""Mace55555"""
810,"""score""",1
811,"""downs""",0
812,"""created_utc""","""1420070402"""
813,"""body""","""[Slightly stronger than an RPG.]"""
814,"""link_id""","""t3_2qs1ie"""
815,"""name""","""t1_cnas90z"""
816,"""score_hidden""","false
"
817,"""subreddit""","""funny"""
818,"""parent_id""","""t3_2qxtg0"""
819,"""ups""",1
820,"""retrieved_on""",1425124282
821,"""gilded""",0
822,"""author_flair_text""",null
823,"""author_flair_css_class""",null
824,"""subreddit_id""","""t5_2qh33"""
825,"""edited""",false
826,"""controversiality""",0
827,"""score_hidden""",false
828,"""link_id""","""t3_2qxtg0"""
829,"""name""","""t1_cnas910"""
830,"""created_utc""","""1420070402"""
831,"""downs""",0
832,"""body""","""[deleted]"""
833,"""archived""",false
834,"""distinguished""",null
835,"""id""","""cnas910"""
836,"""score""",1
837,"""author""","""[deleted]""
"
838,"""author_flair_text""",null
839,"""gilded""",0
840,"""author_flair_css_class""",null
841,"""retrieved_on""",1425124282
842,"""ups""",1
843,"""edited""",false
844,"""subreddit_id""","""t5_2qh1i"""
845,"""controversiality""",0
846,"""parent_id""","""t3_2qys1t"""
847,"""subreddit""","""AskReddit"""
848,"""body""","""I don't know 100% why"
849,"""created_utc""","""1420070402"""
850,"""downs""",0
851,"""score""",1
852,"""author""","""[deleted]"""
853,"""archived""",false
854,"""distinguished""",null
855,"""id""","""cnas911"""
856,"""score_hidden""",false
857,"""name""","""t1_cnas911"""
858,"""link_id""","""t3_2qys1t""
"
859,"""parent_id""","""t1_cnajcvn"""
860,"""subreddit""","""devils"""
861,"""author_flair_text""","""#11 - Pain Train Gionta"""
862,"""gilded""",0
863,"""author_flair_css_class""","""Home11"""
864,"""ups""",3
865,"""retrieved_on""",1425124282
866,"""subreddit_id""","""t5_2roo0"""
867,"""edited""",false
868,"""controversiality""",0
869,"""score_hidden""",false
870,"""name""","""t1_cnas912"""
871,"""link_id""","""t3_2qxx2l"""
872,"""body""","""I'll try to find a good pair at my NYE party. Will report back. """
873,"""downs""",0
874,"""created_utc""","""1420070402"""
875,"""author""","""GreasyBastard_"""
876,"""score""",3
877,"""archived""",false
878,"""distinguished""",null
879,"""id""","""cnas912""
"
880,"""gilded""",0
881,"""author_flair_text""","""RCUS"
882,"""author_flair_css_class""",""""""
883,"""retrieved_on""",1425124282
884,"""ups""",2
885,"""subreddit_id""","""t5_2riuy"""
886,"""edited""",false
887,"""controversiality""",0
888,"""parent_id""","""t3_2qyqhj"""
889,"""subreddit""","""Reformed"""
890,"""body""","""I love it.  Okay"
891," but sin in me\"" [Romans 7","17]?  Or is the passage saying something quite different than what Ryle understands it to mean?"""
892,"""created_utc""","""1420070402"""
893,"""downs""",0
894,"""author""","""BSMason"""
895,"""score""",2
896,"""archived""",false
897,"""id""","""cnas913"""
898,"""distinguished""",null
899,"""score_hidden""",false
900,"""name""","""t1_cnas913"""
901,"""link_id""","""t3_2qyqhj""
"
902,"""created_utc""","""1420070402"""
903,"""downs""",0
904,"""body""","""I like this idea"
905,"""distinguished""",null
906,"""id""","""cnas914"""
907,"""archived""",false
908,"""author""","""Deftest366"""
909,"""score""",1
910,"""score_hidden""",false
911,"""link_id""","""t3_2qylyq"""
912,"""name""","""t1_cnas914"""
913,"""ups""",1
914,"""retrieved_on""",1425124282
915,"""author_flair_css_class""","""horde-paladin"""
916,"""author_flair_text""",""""""
917,"""gilded""",0
918,"""controversiality""",0
919,"""subreddit_id""","""t5_2qio8"""
920,"""edited""",false
921,"""subreddit""","""wow"""
922,"""parent_id""","""t3_2qylyq""
"
923,"""ups""",4
924,"""retrieved_on""",1425124282
925,"""author_flair_text""",null
926,"""gilded""",0
927,"""author_flair_css_class""",null
928,"""edited""",false
929,"""subreddit_id""","""t5_2v4ay"""
930,"""controversiality""",0
931,"""subreddit""","""Stacked"""
932,"""parent_id""","""t3_2qxyqy"""
933,"""created_utc""","""1420070402"""
934,"""downs""",0
935,"""body""","""Yes."""
936,"""archived""",false
937,"""distinguished""",null
938,"""id""","""cnas915"""
939,"""score""",4
940,"""author""","""amolad"""
941,"""score_hidden""",false
942,"""link_id""","""t3_2qxyqy"""
943,"""name""","""t1_cnas915""
"
944,"""parent_id""","""t3_2qx5c4"""
945,"""subreddit""","""Android"""
946,"""edited""",false
947,"""subreddit_id""","""t5_2qlqh"""
948,"""controversiality""",0
949,"""gilded""",0
950,"""author_flair_text""","""Nexus 5 CM12"""
951,"""author_flair_css_class""","""userGray"""
952,"""ups""",0
953,"""retrieved_on""",1425124282
954,"""name""","""t1_cnas916"""
955,"""link_id""","""t3_2qx5c4"""
956,"""score_hidden""",false
957,"""author""","""Tropiux"""
958,"""score""",0
959,"""archived""",false
960,"""id""","""cnas916"""
961,"""distinguished""",null
962,"""body""","""I just wish Google dropped support for Android &lt; 4.0 already. """
963,"""created_utc""","""1420070402"""
964,"""downs""","0
"
965,"""link_id""","""t3_2qxpv2"""
966,"""name""","""t1_cnas917"""
967,"""score_hidden""",false
968,"""id""","""cnas917"""
969,"""distinguished""",null
970,"""archived""",false
971,"""score""",2
972,"""author""","""flufgun"""
973,"""created_utc""","""1420070402"""
974,"""downs""",0
975,"""body""","""[](/hellohuman)MS paint plagiarism is best plagiarism!"""
976,"""subreddit""","""MLPLounge"""
977,"""parent_id""","""t1_cnak0cy"""
978,"""controversiality""",0
979,"""edited""",false
980,"""subreddit_id""","""t5_2t403"""
981,"""ups""",2
982,"""retrieved_on""",1425124282
983,"""author_flair_css_class""","""lyra"""
984,"""gilded""",0
985,"""author_flair_text""","""Lyra""
"
986,"""parent_id""","""t1_cnarr0q"""
987,"""subreddit""","""falcons"""
988,"""subreddit_id""","""t5_2ql17"""
989,"""edited""",false
990,"""controversiality""",0
991,"""author_flair_text""",null
992,"""gilded""",0
993,"""author_flair_css_class""",null
994,"""retrieved_on""",1425124282
995,"""ups""",3
996,"""name""","""t1_cnas918"""
997,"""link_id""","""t3_2qy1f3"""
998,"""score_hidden""",false
999,"""author""","""ATL84"""
1000,"""score""",3
1001,"""archived""",false
1002,"""id""","""cnas918"""
1003,"""distinguished""",null
1004,"""body""","""Haha guilty. But I've heard some people say they weren't thrilled about guys like McDaniels and Del Rio as well. Won't pass judgement until I see how this all plays out"""
1005,"""created_utc""","""1420070402"""
1006,"""downs""","0
"
1007,"""subreddit_id""","""t5_2ty3s"""
1008,"""edited""",false
1009,"""controversiality""",0
1010,"""ups""",1
1011,"""retrieved_on""",1425124282
1012,"""gilded""",0
1013,"""author_flair_text""",null
1014,"""author_flair_css_class""",null
1015,"""subreddit""","""dayz"""
1016,"""parent_id""","""t3_2qylol"""
1017,"""archived""",false
1018,"""distinguished""",null
1019,"""id""","""cnas919"""
1020,"""score""",1
1021,"""author""","""Arnasx"""
1022,"""created_utc""","""1420070403"""
1023,"""downs""",0
1024,"""body""","""Unfortunately at this time of point you can have the best CPU"
1025,"""link_id""","""t3_2qylol"""
1026,"""name""","""t1_cnas919"""
1027,"""score_hidden""","false
"
1028,"""body""","""Have You Tried Turning It Off And On Again?"""
1029,"""downs""",0
1030,"""created_utc""","""1420070403"""
1031,"""author""","""A_french_chinese_man"""
1032,"""score""",1
1033,"""id""","""cnas91a"""
1034,"""distinguished""",null
1035,"""archived""",false
1036,"""score_hidden""",false
1037,"""name""","""t1_cnas91a"""
1038,"""link_id""","""t3_2qxfa5"""
1039,"""author_flair_css_class""",null
1040,"""gilded""",0
1041,"""author_flair_text""",null
1042,"""retrieved_on""",1425124282
1043,"""ups""",1
1044,"""controversiality""",0
1045,"""edited""",false
1046,"""subreddit_id""","""t5_2qh1i"""
1047,"""parent_id""","""t3_2qxfa5"""
1048,"""subreddit""","""AskReddit""
"
1049,"""retrieved_on""",1425124282
1050,"""ups""",1
1051,"""author_flair_css_class""",null
1052,"""gilded""",0
1053,"""author_flair_text""",null
1054,"""controversiality""",0
1055,"""edited""",1420071816
1056,"""subreddit_id""","""t5_2qh1i"""
1057,"""subreddit""","""AskReddit"""
1058,"""parent_id""","""t3_2qykcw"""
1059,"""downs""",0
1060,"""created_utc""","""1420070403"""
1061,"""body""","""My Great to the power of 6 ..or 7 grandfather came over here from Germany around 1776. On the ship ride over his mother dies. \n\nTwo weeks off the boat his father dies. He was only around 9 years old. \n\nHe then was sold as an \""indigent servant\"" he earned his independence by fighting in the revolutionary war. \n\nHe moved from ohio to near Pittsburgh"
1062,"""id""","""cnas91b"""
1063,"""distinguished""",null
1064,"""archived""",false
1065,"""author""","""TomHanksDied"""
1066,"""score""",1
1067,"""score_hidden""",false
1068,"""link_id""","""t3_2qykcw"""
1069,"""name""","""t1_cnas91b""
"
1070,"""edited""",false
1071,"""subreddit_id""","""t5_2qhr3"""
1072,"""controversiality""",0
1073,"""retrieved_on""",1425124282
1074,"""ups""",1
1075,"""gilded""",0
1076,"""author_flair_text""","""2001 Pontiac Firebird"""
1077,"""author_flair_css_class""",""""""
1078,"""subreddit""","""Autos"""
1079,"""parent_id""","""t3_2qjwg1"""
1080,"""archived""",false
1081,"""id""","""cnas91c"""
1082,"""distinguished""",null
1083,"""author""","""blazefalcon"""
1084,"""score""",1
1085,"""created_utc""","""1420070403"""
1086,"""downs""",0
1087,"""body""","""Dodge Rampage"
1088,"""link_id""","""t3_2qjwg1"""
1089,"""name""","""t1_cnas91c"""
1090,"""score_hidden""","false
"
1091,"""author_flair_text""","""Gustav1985"""
1092,"""gilded""",0
1093,"""author_flair_css_class""","""cmdr"""
1094,"""ups""",1
1095,"""retrieved_on""",1425124282
1096,"""edited""",false
1097,"""subreddit_id""","""t5_2vi60"""
1098,"""controversiality""",0
1099,"""parent_id""","""t3_2qynaq"""
1100,"""subreddit""","""EliteDangerous"""
1101,"""body""","""I had one to kill pirates in an unclaimed system so when I was there all I had to do wall drop in to USS and if I wasn't attacked I would scan the ships there and if they came up with no sub faction I shot them add it counted. """
1102,"""created_utc""","""1420070403"""
1103,"""downs""",0
1104,"""score""",1
1105,"""author""","""Gustav55"""
1106,"""archived""",false
1107,"""id""","""cnas91d"""
1108,"""distinguished""",null
1109,"""score_hidden""",false
1110,"""name""","""t1_cnas91d"""
1111,"""link_id""","""t3_2qynaq""
"
1112,"""subreddit""","""Celebs"""
1113,"""parent_id""","""t1_cn9rqxy"""
1114,"""retrieved_on""",1425124282
1115,"""ups""",2
1116,"""author_flair_css_class""",null
1117,"""author_flair_text""",null
1118,"""gilded""",0
1119,"""controversiality""",0
1120,"""subreddit_id""","""t5_2qoqw"""
1121,"""edited""",false
1122,"""score_hidden""",false
1123,"""link_id""","""t3_2qtafg"""
1124,"""name""","""t1_cnas91e"""
1125,"""created_utc""","""1420070403"""
1126,"""downs""",0
1127,"""body""","""How about words like awesome"
1128,"""id""","""cnas91e"""
1129,"""distinguished""",null
1130,"""archived""",false
1131,"""score""",2
1132,"""author""","""SardonicNihilist""
"
1133,"""body""","""Made a multiscreen video in Sony Vegas then converted it into a WEBM"""
1134,"""created_utc""","""1420070403"""
1135,"""downs""",0
1136,"""score""",19
1137,"""author""","""johnny_tsalami"""
1138,"""distinguished""",null
1139,"""id""","""cnas91f"""
1140,"""archived""",false
1141,"""score_hidden""",false
1142,"""name""","""t1_cnas91f"""
1143,"""link_id""","""t3_2qwq7j"""
1144,"""author_flair_css_class""",null
1145,"""author_flair_text""",null
1146,"""gilded""",0
1147,"""ups""",19
1148,"""retrieved_on""",1425124282
1149,"""controversiality""",0
1150,"""subreddit_id""","""t5_2rm76"""
1151,"""edited""",false
1152,"""parent_id""","""t1_cnanldn"""
1153,"""subreddit""","""NSFW_GIF""
"
1154,"""parent_id""","""t3_2qxpss"""
1155,"""subreddit""","""Insurance"""
1156,"""controversiality""",0
1157,"""subreddit_id""","""t5_2qs6s"""
1158,"""edited""",false
1159,"""author_flair_css_class""",null
1160,"""gilded""",0
1161,"""author_flair_text""",null
1162,"""retrieved_on""",1425124282
1163,"""ups""",2
1164,"""name""","""t1_cnas91g"""
1165,"""link_id""","""t3_2qxpss"""
1166,"""score_hidden""",false
1167,"""author""","""DidiDoThat1"""
1168,"""score""",2
1169,"""id""","""cnas91g"""
1170,"""distinguished""",null
1171,"""archived""",false
1172,"""body""","""My health insurance covered my wisdom teeth as opposed to my dental insurance. I think it depends on what type of doctor does the procedure. The one who did mine was some type of specialist"
1173,"""created_utc""","""1420070403"""
1174,"""downs""","0
"
1175,"""body""","""People should just stop saying this phrase entirely. It's too invasive. There are many reasons why it might be hurtful. Maybe the person doesn't want kids"
1176,"""created_utc""","""1420070403"""
1177,"""downs""",0
1178,"""score""",2
1179,"""author""","""sugarhoneybadger"""
1180,"""id""","""cnas91h"""
1181,"""distinguished""",null
1182,"""archived""",false
1183,"""score_hidden""",false
1184,"""name""","""t1_cnas91h"""
1185,"""link_id""","""t3_2qwv5j"""
1186,"""author_flair_css_class""",""""""
1187,"""author_flair_text""","""26/married"
1188,"""gilded""",0
1189,"""ups""",2
1190,"""retrieved_on""",1425124282
1191,"""controversiality""",0
1192,"""subreddit_id""","""t5_2qtwb"""
1193,"""edited""",false
1194,"""parent_id""","""t3_2qwv5j"""
1195,"""subreddit""","""childfree""
"
1196,"""subreddit""","""MLPLounge"""
1197,"""parent_id""","""t1_cnas8fd"""
1198,"""subreddit_id""","""t5_2t403"""
1199,"""edited""",false
1200,"""controversiality""",0
1201,"""ups""",2
1202,"""retrieved_on""",1425124282
1203,"""gilded""",0
1204,"""author_flair_text""","""Rainbow Pinkie Pie"""
1205,"""author_flair_css_class""","""rpinkiepie"""
1206,"""link_id""","""t3_2qxpv2"""
1207,"""name""","""t1_cnas91i"""
1208,"""score_hidden""",false
1209,"""archived""",false
1210,"""distinguished""",null
1211,"""id""","""cnas91i"""
1212,"""score""",2
1213,"""author""","""randyrules"""
1214,"""created_utc""","""1420070403"""
1215,"""downs""",0
1216,"""body""","""It's been very helpful in this thread.""
"
1217,"""score_hidden""",false
1218,"""link_id""","""t3_2qncqc"""
1219,"""name""","""t1_cnas91j"""
1220,"""created_utc""","""1420070403"""
1221,"""downs""",0
1222,"""body""","""I totally agree"
1223,"""distinguished""",null
1224,"""id""","""cnas91j"""
1225,"""archived""",false
1226,"""score""",1
1227,"""author""","""Salaawa"""
1228,"""subreddit""","""playrust"""
1229,"""parent_id""","""t1_cn8yq0e"""
1230,"""ups""",1
1231,"""retrieved_on""",1425124282
1232,"""author_flair_css_class""",null
1233,"""gilded""",0
1234,"""author_flair_text""",null
1235,"""controversiality""",0
1236,"""edited""",false
1237,"""subreddit_id""","""t5_2xks2""
"
1238,"""author_flair_css_class""","""premierball"""
1239,"""author_flair_text""","""2294-5064-3544 || Gabe (\u03b1S)"""
1240,"""gilded""",0
1241,"""retrieved_on""",1425124282
1242,"""ups""",1
1243,"""controversiality""",0
1244,"""subreddit_id""","""t5_2rmov"""
1245,"""edited""",false
1246,"""parent_id""","""t1_cnas8d1"""
1247,"""subreddit""","""pokemontrades"""
1248,"""body""","""Can I please take the Modest one?"""
1249,"""created_utc""","""1420070403"""
1250,"""downs""",0
1251,"""score""",1
1252,"""author""","""blue1710"""
1253,"""id""","""cnas91k"""
1254,"""distinguished""",null
1255,"""archived""",false
1256,"""score_hidden""",false
1257,"""name""","""t1_cnas91k"""
1258,"""link_id""","""t3_2qyouo""
"
1259,"""score_hidden""",false
1260,"""name""","""t1_cnas91l"""
1261,"""link_id""","""t3_2qveoo"""
1262,"""body""","""What're you talking about?"""
1263,"""downs""",0
1264,"""created_utc""","""1420070403"""
1265,"""score""",1
1266,"""author""","""Thalnagath"""
1267,"""distinguished""",null
1268,"""id""","""cnas91l"""
1269,"""archived""",false
1270,"""parent_id""","""t1_cna9w4d"""
1271,"""subreddit""","""tifu"""
1272,"""author_flair_css_class""",null
1273,"""gilded""",0
1274,"""author_flair_text""",null
1275,"""retrieved_on""",1425124282
1276,"""ups""",1
1277,"""controversiality""",0
1278,"""subreddit_id""","""t5_2to41"""
1279,"""edited""","false
"
1280,"""downs""",0
1281,"""created_utc""","""1420070403"""
1282,"""body""","""A lot of disrespecting of the league today.  Do you think we'll eventually need to see Garber publicly reprimanding the NYCFC ownership group (doubt it would happen though)?  """
1283,"""distinguished""",null
1284,"""id""","""cnas91m"""
1285,"""archived""",false
1286,"""author""","""perkited"""
1287,"""score""",41
1288,"""score_hidden""",false
1289,"""link_id""","""t3_2qyr9h"""
1290,"""name""","""t1_cnas91m"""
1291,"""retrieved_on""",1425124282
1292,"""ups""",41
1293,"""author_flair_css_class""","""fc-dallas"""
1294,"""author_flair_text""","""FC Dallas"""
1295,"""gilded""",0
1296,"""controversiality""",0
1297,"""subreddit_id""","""t5_2rbnb"""
1298,"""edited""",false
1299,"""subreddit""","""MLS"""
1300,"""parent_id""","""t3_2qyr9h""
"
1301,"""subreddit""","""elliottsmith"""
1302,"""parent_id""","""t1_cnaldl7"""
1303,"""controversiality""",0
1304,"""edited""",false
1305,"""subreddit_id""","""t5_2rmbn"""
1306,"""retrieved_on""",1425124282
1307,"""ups""",5
1308,"""author_flair_css_class""",null
1309,"""gilded""",0
1310,"""author_flair_text""",null
1311,"""link_id""","""t3_2qu0bf"""
1312,"""name""","""t1_cnas91n"""
1313,"""score_hidden""",false
1314,"""distinguished""",null
1315,"""id""","""cnas91n"""
1316,"""archived""",false
1317,"""score""",5
1318,"""author""","""williamgfrench"""
1319,"""created_utc""","""1420070403"""
1320,"""downs""",0
1321,"""score_hidden""",false
1322,"""link_id""","""t3_2qyiqp"""
1323,"""name""","""t1_cnas91o"""
1324,"""created_utc""","""1420070404"""
1325,"""downs""",0
1326,"""body""","""I would say just a coincidence"
1327,"""distinguished""",null
1328,"""id""","""cnas91o"""
1329,"""archived""",false
1330,"""author""","""ThatRapidAzzGuy"""
1331,"""score""",4
1332,"""subreddit""","""roosterteeth"""
1333,"""parent_id""","""t3_2qyiqp"""
1334,"""retrieved_on""",1425124282
1335,"""ups""",4
1336,"""author_flair_css_class""","""love"""
1337,"""author_flair_text""",""""""
1338,"""gilded""",0
1339,"""controversiality""",0
1340,"""edited""",false
1341,"""subreddit_id""","""t5_2s7g9""
"
1342,"""gilded""",0
1343,"""author_flair_text""",null
1344,"""author_flair_css_class""",null
1345,"""ups""",10
1346,"""retrieved_on""",1425124282
1347,"""edited""",false
1348,"""subreddit_id""","""t5_2zlwp"""
1349,"""controversiality""",0
1350,"""parent_id""","""t3_2qyope"""
1351,"""subreddit""","""EverythingScience"""
1352,"""body""","""I'm just going to leave this here.\n\n\n*Puff*erfish"""
1353,"""created_utc""","""1420070404"""
1354,"""downs""",0
1355,"""score""",10
1356,"""author""","""TheRatBaztard"""
1357,"""archived""",false
1358,"""id""","""cnas91p"""
1359,"""distinguished""",null
1360,"""score_hidden""",false
1361,"""name""","""t1_cnas91p"""
1362,"""link_id""","""t3_2qyope""
"
1363,"""parent_id""","""t1_cnas7s4"""
1364,"""subreddit""","""PuzzleAndDragons"""
1365,"""gilded""",0
1366,"""author_flair_text""",""""""
1367,"""author_flair_css_class""","""1297"""
1368,"""retrieved_on""",1425124282
1369,"""ups""",1
1370,"""subreddit_id""","""t5_2w23a"""
1371,"""edited""",false
1372,"""controversiality""",0
1373,"""score_hidden""",false
1374,"""name""","""t1_cnas91q"""
1375,"""link_id""","""t3_2qy3s9"""
1376,"""body""","""Thanks same here!"""
1377,"""created_utc""","""1420070404"""
1378,"""downs""",0
1379,"""author""","""redarxx"""
1380,"""score""",1
1381,"""archived""",false
1382,"""distinguished""",null
1383,"""id""","""cnas91q""
"
1384,"""score""",1
1385,"""author""","""vrrrr"""
1386,"""distinguished""",null
1387,"""id""","""cnas91r"""
1388,"""archived""",false
1389,"""body""","""Karina Hart?"""
1390,"""downs""",0
1391,"""created_utc""","""1420070404"""
1392,"""name""","""t1_cnas91r"""
1393,"""link_id""","""t3_2qyp0c"""
1394,"""score_hidden""",false
1395,"""controversiality""",0
1396,"""edited""",false
1397,"""subreddit_id""","""t5_2rc71"""
1398,"""author_flair_css_class""",null
1399,"""gilded""",0
1400,"""author_flair_text""",null
1401,"""ups""",1
1402,"""retrieved_on""",1425124282
1403,"""parent_id""","""t3_2qyp0c"""
1404,"""subreddit""","""curvy""
"
1405,"""score_hidden""",false
1406,"""link_id""","""t3_2qxiam"""
1407,"""name""","""t1_cnas91s"""
1408,"""created_utc""","""1420070404"""
1409,"""downs""",0
1410,"""body""","""Thanks! Now on to NYE makeup!"""
1411,"""id""","""cnas91s"""
1412,"""distinguished""",null
1413,"""archived""",false
1414,"""author""","""tresliso"""
1415,"""score""",1
1416,"""subreddit""","""MakeupAddiction"""
1417,"""parent_id""","""t1_cnas8kk"""
1418,"""ups""",1
1419,"""retrieved_on""",1425124282
1420,"""author_flair_css_class""",null
1421,"""author_flair_text""",null
1422,"""gilded""",0
1423,"""controversiality""",0
1424,"""edited""",false
1425,"""subreddit_id""","""t5_2rww2""
"
1426,"""score_hidden""",false
1427,"""name""","""t1_cnas91t"""
1428,"""link_id""","""t3_2qyr89"""
1429,"""body""","""AS YOU WISH!!!!"""
1430,"""downs""",0
1431,"""created_utc""","""1420070404"""
1432,"""score""",3
1433,"""author""","""adalab"""
1434,"""distinguished""",null
1435,"""id""","""cnas91t"""
1436,"""archived""",false
1437,"""parent_id""","""t1_cnas5jl"""
1438,"""subreddit""","""Wishlist"""
1439,"""author_flair_css_class""",null
1440,"""gilded""",0
1441,"""ups""",3
1442,"""retrieved_on""",1425124282
1443,"""controversiality""",0
1444,"""edited""",false
1445,"""subreddit_id""","""t5_2qpbu""
"
1446,"""parent_id""","""t1_cnarh2v"""
1447,"""subreddit""","""nba"""
1448,"""gilded""",0
1449,"""author_flair_text""","""Heat"""
1450,"""author_flair_css_class""","""Heat2"""
1451,"""retrieved_on""",1425124282
1452,"""ups""",1
1453,"""subreddit_id""","""t5_2qo4s"""
1454,"""edited""",false
1455,"""controversiality""",0
1456,"""score_hidden""",false
1457,"""name""","""t1_cnas91u"""
1458,"""link_id""","""t3_2qyog0"""
1459,"""body""","""and thanks for making it so much better! /s\n"""
1460,"""created_utc""","""1420070404"""
1461,"""downs""",0
1462,"""score""",1
1463,"""author""","""jitta71"""
1464,"""archived""",false
1465,"""distinguished""",null
1466,"""id""","""cnas91u""
"
1467,"""link_id""","""t3_2qy0ft"""
1468,"""name""","""t1_cnas91v"""
1469,"""score_hidden""",false
1470,"""archived""",false
1471,"""distinguished""",null
1472,"""id""","""cnas91v"""
1473,"""score""",1
1474,"""author""","""rundmc963"""
1475,"""created_utc""","""1420070404"""
1476,"""downs""",0
1477,"""body""","""I really wish I could do this. Enjoy it man. Glad to hear this is a tradition you have still alive. """
1478,"""subreddit""","""funny"""
1479,"""parent_id""","""t1_cnansxy"""
1480,"""subreddit_id""","""t5_2qh33"""
1481,"""edited""",false
1482,"""controversiality""",0
1483,"""retrieved_on""",1425124282
1484,"""ups""",1
1485,"""author_flair_text""",null
1486,"""gilded""",0
1487,"""author_flair_css_class""","null
"
1488,"""body""","""You hear that SDSS J122952.66+112227.8? We heard you were talking shit and now we're coming for ya!"""
1489,"""created_utc""","""1420070404"""
1490,"""downs""",0
1491,"""author""","""TheBadMonkie"""
1492,"""score""",14
1493,"""distinguished""",null
1494,"""id""","""cnas91w"""
1495,"""archived""",false
1496,"""score_hidden""",false
1497,"""name""","""t1_cnas91w"""
1498,"""link_id""","""t3_2qxckk"""
1499,"""author_flair_css_class""",null
1500,"""gilded""",0
1501,"""author_flair_text""",null
1502,"""retrieved_on""",1425124282
1503,"""ups""",14
1504,"""controversiality""",0
1505,"""subreddit_id""","""t5_2qqjc"""
1506,"""edited""",false
1507,"""parent_id""","""t1_cnas6l2"""
1508,"""subreddit""","""todayilearned""
"
1509,"""link_id""","""t3_2qxfpr"""
1510,"""name""","""t1_cnas91x"""
1511,"""score_hidden""",false
1512,"""archived""",false
1513,"""id""","""cnas91x"""
1514,"""distinguished""",null
1515,"""score""",1
1516,"""author""","""infestedjoker"""
1517,"""created_utc""","""1420070404"""
1518,"""downs""",0
1519,"""body""","""Frieza has been training sooooo doubt he got powers from someone else. he's been revived has been training and now has a new form that makes him much more powerful. Pretty simple/basic to me. """
1520,"""subreddit""","""dbz"""
1521,"""parent_id""","""t3_2qxfpr"""
1522,"""edited""",false
1523,"""subreddit_id""","""t5_2sdu8"""
1524,"""controversiality""",0
1525,"""retrieved_on""",1425124282
1526,"""ups""",1
1527,"""gilded""",0
1528,"""author_flair_text""",""""""
1529,"""author_flair_css_class""","""2-Vegeta-007""
"
1530,"""score_hidden""",false
1531,"""link_id""","""t3_2qxkrw"""
1532,"""name""","""t1_cnas91y"""
1533,"""created_utc""","""1420070404"""
1534,"""downs""",0
1535,"""body""","""Yes please!"""
1536,"""id""","""cnas91y"""
1537,"""distinguished""",null
1538,"""archived""",false
1539,"""author""","""dsg2806"""
1540,"""score""",2
1541,"""subreddit""","""RandomActsOfSTC"""
1542,"""parent_id""","""t3_2qxkrw"""
1543,"""ups""",2
1544,"""retrieved_on""",1425124282
1545,"""author_flair_css_class""",null
1546,"""author_flair_text""",null
1547,"""gilded""",0
1548,"""controversiality""",0
1549,"""subreddit_id""","""t5_35n17"""
1550,"""edited""","false
"
1551,"""score_hidden""",false
1552,"""link_id""","""t3_2qunub"""
1553,"""name""","""t1_cnas91z"""
1554,"""created_utc""","""1420070404"""
1555,"""downs""",0
1556,"""body""","""it is either a power issue "
1557,"""archived""",false
1558,"""distinguished""",null
1559,"""id""","""cnas91z"""
1560,"""score""",1
1561,"""author""","""BeyondAeon"""
1562,"""subreddit""","""techsupport"""
1563,"""parent_id""","""t1_cnafqhv"""
1564,"""retrieved_on""",1425124282
1565,"""ups""",1
1566,"""gilded""",0
1567,"""author_flair_text""",null
1568,"""author_flair_css_class""",null
1569,"""subreddit_id""","""t5_2qioo"""
1570,"""edited""",1420070596
1571,"""controversiality""","0
"
1572,"""created_utc""","""1420070404"""
1573,"""downs""",0
1574,"""body""","""SUPREME UNLEADED!\n\nIs that a real label for gas anywhere? I've never seen it. Just Regular"
1575,"""id""","""cnas920"""
1576,"""distinguished""",null
1577,"""archived""",false
1578,"""score""",1
1579,"""author""","""baskarcoyote"""
1580,"""score_hidden""",false
1581,"""link_id""","""t3_2qxx7l"""
1582,"""name""","""t1_cnas920"""
1583,"""retrieved_on""",1425124282
1584,"""ups""",1
1585,"""author_flair_css_class""",null
1586,"""gilded""",0
1587,"""author_flair_text""",null
1588,"""controversiality""",0
1589,"""subreddit_id""","""t5_2t7gp"""
1590,"""edited""",false
1591,"""subreddit""","""thelastofus"""
1592,"""parent_id""","""t3_2qxx7l""
"
1593,"""created_utc""","""1420070404"""
1594,"""downs""",0
1595,"""archived""",false
1596,"""distinguished""",null
1597,"""id""","""cnas921"""
1598,"""author""","""flamingo44"""
1599,"""score""",3
1600,"""score_hidden""",false
1601,"""link_id""","""t3_2qys60"""
1602,"""name""","""t1_cnas921"""
1603,"""retrieved_on""",1425124282
1604,"""ups""",3
1605,"""gilded""",0
1606,"""author_flair_text""",null
1607,"""author_flair_css_class""",null
1608,"""edited""",false
1609,"""subreddit_id""","""t5_2rmrl"""
1610,"""controversiality""",0
1611,"""subreddit""","""badkarma"""
1612,"""parent_id""","""t3_2qys60""
"
1613,"""score_hidden""",false
1614,"""name""","""t1_cnas922"""
1615,"""link_id""","""t3_2qvzfh"""
1616,"""body""","""Thats ones gonna age for another year! """
1617,"""created_utc""","""1420070404"""
1618,"""downs""",0
1619,"""author""","""mbod"""
1620,"""score""",1
1621,"""distinguished""",null
1622,"""id""","""cnas922"""
1623,"""archived""",false
1624,"""parent_id""","""t1_cnarv3t"""
1625,"""subreddit""","""beercanada"""
1626,"""author_flair_css_class""",null
1627,"""author_flair_text""",null
1628,"""gilded""",0
1629,"""retrieved_on""",1425124282
1630,"""ups""",1
1631,"""controversiality""",0
1632,"""edited""",false
1633,"""subreddit_id""","""t5_2tqqt""
"
1634,"""subreddit""","""leagueoflegends"""
1635,"""parent_id""","""t1_cnary9z"""
1636,"""controversiality""",0
1637,"""edited""",false
1638,"""subreddit_id""","""t5_2rfxx"""
1639,"""ups""",1
1640,"""retrieved_on""",1425124282
1641,"""author_flair_css_class""","""diana"""
1642,"""author_flair_text""","""[Moonfall] (NA)"""
1643,"""gilded""",0
1644,"""link_id""","""t3_2qy50m"""
1645,"""name""","""t1_cnas923"""
1646,"""score_hidden""",false
1647,"""distinguished""",null
1648,"""id""","""cnas923"""
1649,"""archived""",false
1650,"""author""","""Evisrayle"""
1651,"""score""",1
1652,"""created_utc""","""1420070404"""
1653,"""downs""",0
1654,"""body""","""You're 100% right.\n\nNaut is one of the only tanks I'm comfortable playing in lane (or at all; I'm an awful tank)"
1655,"""author_flair_css_class""",null
1656,"""gilded""",0
1657,"""author_flair_text""",null
1658,"""retrieved_on""",1425124282
1659,"""ups""",-1
1660,"""controversiality""",0
1661,"""edited""",false
1662,"""subreddit_id""","""t5_2qh3l"""
1663,"""parent_id""","""t1_cnadr3r"""
1664,"""subreddit""","""news"""
1665,"""body""","""And old people died.  It's hard to pin the guilt on a sweet old couple.  """
1666,"""created_utc""","""1420070405"""
1667,"""downs""",0
1668,"""score""",-1
1669,"""author""","""Drumlin"""
1670,"""id""","""cnas924"""
1671,"""distinguished""",null
1672,"""archived""",false
1673,"""score_hidden""",false
1674,"""name""","""t1_cnas924"""
1675,"""link_id""","""t3_2qwzdl""
"
1676,"""score_hidden""",false
1677,"""link_id""","""t3_2qxuja"""
1678,"""name""","""t1_cnas925"""
1679,"""created_utc""","""1420070405"""
1680,"""downs""",0
1681,"""body""","""There probably wouldn't even be any talking. A couple shots"
1682,"""archived""",false
1683,"""id""","""cnas925"""
1684,"""distinguished""",null
1685,"""score""",1
1686,"""author""","""Paul-Kersey"""
1687,"""subreddit""","""headphones"""
1688,"""parent_id""","""t1_cnar3i0"""
1689,"""retrieved_on""",1425124282
1690,"""ups""",1
1691,"""gilded""",0
1692,"""author_flair_text""","""Denon D2000 | JVC S400"""
1693,"""author_flair_css_class""",""""""
1694,"""subreddit_id""","""t5_2rcyx"""
1695,"""edited""",false
1696,"""controversiality""","0
"
1697,"""parent_id""","""t3_2qynia"""
1698,"""subreddit""","""Smite"""
1699,"""subreddit_id""","""t5_2stl8"""
1700,"""edited""",false
1701,"""controversiality""",0
1702,"""gilded""",0
1703,"""author_flair_text""","""Up all night to get Loki!"""
1704,"""author_flair_css_class""","""loki"""
1705,"""retrieved_on""",1425124282
1706,"""ups""",1
1707,"""name""","""t1_cnas926"""
1708,"""link_id""","""t3_2qynia"""
1709,"""score_hidden""",false
1710,"""author""","""cjsmite"""
1711,"""score""",1
1712,"""archived""",false
1713,"""distinguished""",null
1714,"""id""","""cnas926"""
1715,"""body""","""Buy everything and line Hi-Rez's pockets with money"""
1716,"""downs""",0
1717,"""created_utc""","""1420070405""
"
1718,"""body""","""THIS. I've always wondered why they couldn't provide a list there similar to the roster screen. \n\nAnd for the roster screen"
1719,"""created_utc""","""1420070405"""
1720,"""downs""",0
1721,"""score""",3
1722,"""author""","""Dmagers"""
1723,"""distinguished""",null
1724,"""id""","""cnas927"""
1725,"""archived""",false
1726,"""score_hidden""",false
1727,"""name""","""t1_cnas927"""
1728,"""link_id""","""t3_2qxyg7"""
1729,"""author_flair_css_class""",null
1730,"""gilded""",0
1731,"""author_flair_text""",null
1732,"""retrieved_on""",1425124282
1733,"""ups""",3
1734,"""controversiality""",0
1735,"""subreddit_id""","""t5_2vq0w"""
1736,"""edited""",false
1737,"""parent_id""","""t1_cnakbwb"""
1738,"""subreddit""","""DestinyTheGame""
"
1739,"""score_hidden""",false
1740,"""name""","""t1_cnas928"""
1741,"""link_id""","""t3_2qxqkk"""
1742,"""body""","""Great shot! Would you happen to have a higher"
1743,"""downs""",0
1744,"""created_utc""","""1420070405"""
1745,"""author""","""encg"""
1746,"""score""",2
1747,"""distinguished""",null
1748,"""id""","""cnas928"""
1749,"""archived""",false
1750,"""parent_id""","""t3_2qxqkk"""
1751,"""subreddit""","""Seattle"""
1752,"""author_flair_css_class""",null
1753,"""gilded""",0
1754,"""author_flair_text""",null
1755,"""ups""",2
1756,"""retrieved_on""",1425124282
1757,"""controversiality""",0
1758,"""edited""",false
1759,"""subreddit_id""","""t5_2qhad""
"
1760,"""author_flair_css_class""",null
1761,"""gilded""",0
1762,"""author_flair_text""",null
1763,"""ups""",1
1764,"""retrieved_on""",1425124282
1765,"""controversiality""",0
1766,"""edited""",false
1767,"""subreddit_id""","""t5_348z1"""
1768,"""parent_id""","""t1_cnas7p3"""
1769,"""subreddit""","""HistoricalPowers"""
1770,"""body""","""I am not accepting any of your \""schillings\"". I want your land."""
1771,"""created_utc""","""1420070405"""
1772,"""downs""",0
1773,"""author""","""Sabra1"""
1774,"""score""",1
1775,"""distinguished""",null
1776,"""id""","""cnas929"""
1777,"""archived""",false
1778,"""score_hidden""",false
1779,"""name""","""t1_cnas929"""
1780,"""link_id""","""t3_2qx9oi""
"
1781,"""controversiality""",0
1782,"""subreddit_id""","""t5_2qmg3"""
1783,"""edited""",false
1784,"""retrieved_on""",1425124282
1785,"""ups""",-1
1786,"""author_flair_css_class""","""raiders"""
1787,"""gilded""",0
1788,"""author_flair_text""","""Raiders"""
1789,"""subreddit""","""nfl"""
1790,"""parent_id""","""t1_cnar3vi"""
1791,"""id""","""cnas92a"""
1792,"""distinguished""",null
1793,"""archived""",false
1794,"""score""",-1
1795,"""author""","""theblackandsilverrat"""
1796,"""created_utc""","""1420070405"""
1797,"""downs""",0
1798,"""body""","""The Orton effect."""
1799,"""link_id""","""t3_2qynd0"""
1800,"""name""","""t1_cnas92a"""
1801,"""score_hidden""","false
"
1802,"""retrieved_on""",1425124282
1803,"""ups""",1
1804,"""author_flair_text""",null
1805,"""gilded""",0
1806,"""author_flair_css_class""",null
1807,"""subreddit_id""","""t5_2qh1i"""
1808,"""edited""",false
1809,"""controversiality""",0
1810,"""subreddit""","""AskReddit"""
1811,"""parent_id""","""t1_cna9pi6"""
1812,"""created_utc""","""1420070405"""
1813,"""downs""",0
1814,"""body""","""/r/firstworldavjafmasdlfja"""
1815,"""archived""",false
1816,"""id""","""cnas92b"""
1817,"""distinguished""",null
1818,"""score""",1
1819,"""author""","""mwagner26"""
1820,"""score_hidden""",false
1821,"""link_id""","""t3_2qwm98"""
1822,"""name""","""t1_cnas92b""
"
1823,"""subreddit""","""MLPLounge"""
1824,"""parent_id""","""t1_cnas5q4"""
1825,"""subreddit_id""","""t5_2t403"""
1826,"""edited""",false
1827,"""controversiality""",0
1828,"""ups""",2
1829,"""retrieved_on""",1425124282
1830,"""author_flair_text""","""Princess Luna"""
1831,"""gilded""",0
1832,"""author_flair_css_class""","""luna"""
1833,"""link_id""","""t3_2qyawc"""
1834,"""name""","""t1_cnas92c"""
1835,"""score_hidden""",false
1836,"""archived""",false
1837,"""distinguished""",null
1838,"""id""","""cnas92c"""
1839,"""author""","""Alexkal"""
1840,"""score""",2
1841,"""created_utc""","""1420070405"""
1842,"""downs""",0
1843,"""body""","""Mind sharing some senpai for the rest of us? I think you could share some from you 7+ billion person harem.""
"
1844,"""score_hidden""",false
1845,"""link_id""","""t3_2qy0mn"""
1846,"""name""","""t1_cnas92d"""
1847,"""created_utc""","""1420070405"""
1848,"""downs""",0
1849,"""archived""",false
1850,"""distinguished""",null
1851,"""id""","""cnas92d"""
1852,"""score""",5
1853,"""author""","""EricArtr"""
1854,"""subreddit""","""videos"""
1855,"""parent_id""","""t1_cnanthw"""
1856,"""ups""",5
1857,"""retrieved_on""",1425124282
1858,"""gilded""",0
1859,"""author_flair_text""",null
1860,"""author_flair_css_class""",null
1861,"""subreddit_id""","""t5_2qh1e"""
1862,"""edited""",false
1863,"""controversiality""","0
"
1864,"""subreddit""","""hockey"""
1865,"""parent_id""","""t1_cnas35c"""
1866,"""subreddit_id""","""t5_2qiel"""
1867,"""edited""",false
1868,"""controversiality""",0
1869,"""ups""",9
1870,"""retrieved_on""",1425124282
1871,"""author_flair_text""","""IIHFCanada"""
1872,"""gilded""",0
1873,"""author_flair_css_class""","""IIHFCanada"""
1874,"""link_id""","""t3_2qy54g"""
1875,"""name""","""t1_cnas92e"""
1876,"""score_hidden""",false
1877,"""archived""",false
1878,"""distinguished""",null
1879,"""id""","""cnas92e"""
1880,"""author""","""iJeax"""
1881,"""score""",9
1882,"""created_utc""","""1420070405"""
1883,"""downs""",0
1884,"""body""","""He didn't really make much contact"
1885,"""controversiality""",0
1886,"""edited""",false
1887,"""subreddit_id""","""t5_2r7tu"""
1888,"""ups""",5
1889,"""retrieved_on""",1425124282
1890,"""author_flair_css_class""",null
1891,"""gilded""",0
1892,"""author_flair_text""",null
1893,"""subreddit""","""Cardinals"""
1894,"""parent_id""","""t1_cnamvvr"""
1895,"""id""","""cnas92f"""
1896,"""distinguished""",null
1897,"""archived""",false
1898,"""author""","""Hxcfrog090"""
1899,"""score""",5
1900,"""created_utc""","""1420070405"""
1901,"""downs""",0
1902,"""body""","""Hey! That was made at one of my stores!"""
1903,"""link_id""","""t3_2qy9e1"""
1904,"""name""","""t1_cnas92f"""
1905,"""score_hidden""","false
"
1906,"""subreddit_id""","""t5_2rrd6"""
1907,"""edited""",false
1908,"""controversiality""",0
1909,"""gilded""",0
1910,"""author_flair_text""",""""""
1911,"""author_flair_css_class""","""flairvariasuitmine"""
1912,"""ups""",3
1913,"""retrieved_on""",1425124282
1914,"""parent_id""","""t3_2qyk6g"""
1915,"""subreddit""","""Metroid"""
1916,"""author""","""Wombo194"""
1917,"""score""",3
1918,"""archived""",false
1919,"""distinguished""",null
1920,"""id""","""cnas92g"""
1921,"""body""","""This is a tough question. I play Metroid for the exploration and isolation"
1922,"""downs""",0
1923,"""created_utc""","""1420070405"""
1924,"""name""","""t1_cnas92g"""
1925,"""link_id""","""t3_2qyk6g"""
1926,"""score_hidden""","false
"
1927,"""author""","""throwaway34509345"""
1928,"""score""",2
1929,"""archived""",false
1930,"""id""","""cnas92h"""
1931,"""distinguished""",null
1932,"""body""","""Really awesome. I especially liked the glasses picture. """
1933,"""downs""",0
1934,"""created_utc""","""1420070405"""
1935,"""name""","""t1_cnas92h"""
1936,"""link_id""","""t3_2qxxji"""
1937,"""score_hidden""",false
1938,"""subreddit_id""","""t5_30cm3"""
1939,"""edited""",false
1940,"""controversiality""",0
1941,"""gilded""",0
1942,"""author_flair_text""",null
1943,"""author_flair_css_class""",null
1944,"""retrieved_on""",1425124282
1945,"""ups""",2
1946,"""parent_id""","""t3_2qxxji"""
1947,"""subreddit""","""gwcumsluts""
"
1948,"""controversiality""",0
1949,"""subreddit_id""","""t5_2qi2i"""
1950,"""edited""",false
1951,"""ups""",1
1952,"""retrieved_on""",1425124282
1953,"""author_flair_css_class""",""""""
1954,"""author_flair_text""","""N"""
1955,"""gilded""",0
1956,"""subreddit""","""Portland"""
1957,"""parent_id""","""t1_cnas2ha"""
1958,"""distinguished""",null
1959,"""id""","""cnas92i"""
1960,"""archived""",false
1961,"""score""",1
1962,"""author""","""waldowv"""
1963,"""created_utc""","""1420070405"""
1964,"""downs""",0
1965,"""body""","""Makes sense.  Hopefully by April Novick will **FINAL**ly be able to come up with a **SOLUTION** to the Uber driver question."""
1966,"""link_id""","""t3_2qy16c"""
1967,"""name""","""t1_cnas92i"""
1968,"""score_hidden""","false
"
1969,"""distinguished""",null
1970,"""id""","""cnas92j"""
1971,"""archived""",false
1972,"""author""","""Simon_Draws"""
1973,"""score""",18
1974,"""created_utc""","""1420070405"""
1975,"""downs""",0
1976,"""body""","""The greater good."""
1977,"""link_id""","""t3_2qy582"""
1978,"""name""","""t1_cnas92j"""
1979,"""score_hidden""",false
1980,"""controversiality""",0
1981,"""subreddit_id""","""t5_2sekm"""
1982,"""edited""",false
1983,"""retrieved_on""",1425124282
1984,"""ups""",18
1985,"""author_flair_css_class""","""username"""
1986,"""author_flair_text""","""I draw happiness \u2665"""
1987,"""gilded""",0
1988,"""subreddit""","""TrollXChromosomes"""
1989,"""parent_id""","""t1_cnar4n3""
"
1990,"""name""","""t1_cnas92k"""
1991,"""link_id""","""t3_2qucsw"""
1992,"""score_hidden""",false
1993,"""score""",1
1994,"""author""","""XoXFaby"""
1995,"""id""","""cnas92k"""
1996,"""distinguished""",null
1997,"""archived""",false
1998,"""body""","""What kind of shoes?"""
1999,"""downs""",0
2000,"""created_utc""","""1420070405"""
2001,"""parent_id""","""t1_cna732q"""
2002,"""subreddit""","""casualiama"""
2003,"""controversiality""",0
2004,"""subreddit_id""","""t5_2sxwp"""
2005,"""edited""",false
2006,"""author_flair_css_class""",null
2007,"""gilded""",0
2008,"""author_flair_text""","""Flips the script"""
2009,"""retrieved_on""",1425124281
2010,"""ups""","1
"
2011,"""subreddit_id""","""t5_2qmeb"""
2012,"""edited""",false
2013,"""controversiality""",0
2014,"""gilded""",0
2015,"""author_flair_text""","""Josh|2380-3676-9080"""
2016,"""author_flair_css_class""","""245"""
2017,"""ups""",1
2018,"""retrieved_on""",1425124281
2019,"""parent_id""","""t1_cnas6ib"""
2020,"""subreddit""","""pokemon"""
2021,"""author""","""Joshwoocool"""
2022,"""score""",1
2023,"""archived""",false
2024,"""distinguished""",null
2025,"""id""","""cnas92l"""
2026,"""body""","""Then I guess it sucks to suck"""
2027,"""created_utc""","""1420070405"""
2028,"""downs""",0
2029,"""name""","""t1_cnas92l"""
2030,"""link_id""","""t3_2qyriv"""
2031,"""score_hidden""","false
"
2032,"""created_utc""","""1420070405"""
2033,"""downs""",0
2034, descended from the [modernist architectural](https,"//en.wikipedia.org/wiki/Modern_architecture) movement of the early 20th century. The term does not derive from the word \""brutal\"""
2035, [fortress-like](https,//en.wikipedia.org/wiki/Fortification)
2036, with a predominance of exposed [concrete](https,//en.wikipedia.org/wiki/Concrete) construction
2037, and [shopping centres](https,//en.wikipedia.org/wiki/Shopping_mall) to create an architectural image that communicated strength
2038,"""distinguished""",null
2039,"""id""","""cnas92m"""
2040,"""archived""",false
2041,"""score""",2
2042,"""author""","""autowikibot"""
2043,"""score_hidden""",false
2044,"""link_id""","""t3_2qxdcq"""
2045,"""name""","""t1_cnas92m"""
2046,"""retrieved_on""",1425124281
2047,"""ups""",2
2048,"""author_flair_css_class""",null
2049,"""author_flair_text""",null
2050,"""gilded""",0
2051,"""controversiality""",0
2052,"""subreddit_id""","""t5_2ubgg"""
2053,"""edited""",false
2054,"""subreddit""","""mildlyinfuriating"""
2055,"""parent_id""","""t1_cnas8ti""
"
2056,"""retrieved_on""",1425124281
2057,"""ups""",1
2058,"""gilded""",0
2059,"""author_flair_text""",null
2060,"""author_flair_css_class""",null
2061,"""edited""",false
2062,"""subreddit_id""","""t5_2qh3l"""
2063,"""controversiality""",0
2064,"""subreddit""","""news"""
2065,"""parent_id""","""t1_cnao4ko"""
2066,"""downs""",0
2067,"""created_utc""","""1420070406"""
2068,"""body""","""It was illegal enough to get roughed up a bit and detained for a while. """
2069,"""archived""",false
2070,"""distinguished""",null
2071,"""id""","""cnas92n"""
2072,"""score""",1
2073,"""author""","""WTDFHF"""
2074,"""score_hidden""",false
2075,"""link_id""","""t3_2qx8kh"""
2076,"""name""","""t1_cnas92n""
"
2077,"""name""","""t1_cnas92o"""
2078,"""link_id""","""t3_2qyb83"""
2079,"""score_hidden""",false
2080,"""score""",2
2081,"""author""","""obviouslion"""
2082,"""archived""",false
2083,"""distinguished""",null
2084,"""id""","""cnas92o"""
2085,"""body""","""I love your piercing"""
2086,"""created_utc""","""1420070406"""
2087,"""downs""",0
2088,"""parent_id""","""t3_2qyb83"""
2089,"""subreddit""","""twinks"""
2090,"""edited""",false
2091,"""subreddit_id""","""t5_2qpxf"""
2092,"""controversiality""",0
2093,"""author_flair_text""",null
2094,"""gilded""",0
2095,"""author_flair_css_class""",null
2096,"""ups""",2
2097,"""retrieved_on""","1425124281
"
2098,"""score_hidden""",false
2099,"""link_id""","""t3_2qybrt"""
2100,"""name""","""t1_cnas92p"""
2101,"""created_utc""","""1420070406"""
2102,"""downs""",0
2103,"""body""","""What is this from """
2104,"""archived""",false
2105,"""distinguished""",null
2106,"""id""","""cnas92p"""
2107,"""author""","""xv_Rebellion_xv273"""
2108,"""score""",1
2109,"""subreddit""","""gifs"""
2110,"""parent_id""","""t3_2qybrt"""
2111,"""retrieved_on""",1425124281
2112,"""ups""",1
2113,"""author_flair_text""",null
2114,"""gilded""",0
2115,"""author_flair_css_class""",null
2116,"""subreddit_id""","""t5_2qt55"""
2117,"""edited""",false
2118,"""controversiality""","0
"
